[
  {
    "title_chinese" : "空姐",
    "zipName" : "airlineStewardess.zip",
    "filter" : "airline_stewardess",
    "sample" : "airline_stewardess",
    "quality" : 0,
    "title_english" : "Airline"
  },
  {
    "title_chinese" : "小熊",
    "zipName" : "bear.zip",
    "filter" : "bear",
    "sample" : "bear",
    "quality" : 0,
    "title_english" : "Bear"
  },
  {
    "title_chinese" : "猫咪",
    "zipName" : "pinkCat.zip",
    "filter" : "beautiful_pink_cat",
    "sample" : "beautiful_pink_cat",
    "quality" : 0,
    "title_english" : "PinkCat"
  },
  {
    "title_chinese" : "蓝猫",
    "zipName" : "blueBear.zip",
    "filter" : "blue_bear",
    "sample" : "blue_bear",
    "quality" : 0,
    "title_english" : "BlueBear"
  },
  {
    "title_chinese" : "鹿",
    "zipName" : "deer.zip",
    "filter" : "deer",
    "sample" : "deer",
    "quality" : 0,
    "title_english" : "Deer"
  },
  {
    "title_chinese" : "皇后",
    "zipName" : "diadema.zip",
    "filter" : "diadema",
    "sample" : "diadema",
    "quality" : 0,
    "title_english" : "Diadema"
  },
  {
    "title_chinese" : "斑点狗",
    "zipName" : "dog.zip",
    "filter" : "dog",
    "sample" : "dog",
    "quality" : 0,
    "title_english" : "Dog"
  },
  {
    "title_chinese" : "荧光",
    "zipName" : "fluorescence.zip",
    "filter" : "fluorescence",
    "sample" : "fluorescence",
    "quality" : 0,
    "title_english" : "Fluorescence"
  },
  {
    "title_chinese" : "喝水熊",
    "zipName" : "hotWaterBear.zip",
    "filter" : "hot_water_bear",
    "sample" : "hot_water_bear",
    "quality" : 0,
    "title_english" : "WaterBear"
  },
  {
    "title_chinese" : "果酱熊",
    "zipName" : "jamBear.zip",
    "filter" : "jam_bear",
    "sample" : "jam_bear",
    "quality" : 0,
    "title_english" : "JamBear"
  },
  {
    "title_chinese" : "兔子",
    "zipName" : "lolipopRabbit.zip",
    "filter" : "lollipop_rabbit",
    "sample" : "lollipop_rabbit",
    "quality" : 0,
    "title_english" : "Rabbit"
  },
  {
    "title_chinese" : "菠萝苹果",
    "zipName" : "pineApple.zip",
    "filter" : "pineapple",
    "sample" : "pineapple",
    "quality" : 0,
    "title_english" : "Pineapple"
  },
  {
    "title_chinese" : "叮当猫",
    "zipName" : "bellCat.zip",
    "filter" : "small_bell_cat",
    "sample" : "small_bell_cat",
    "quality" : 0,
    "title_english" : "BellCat"
  },
  {
    "title_chinese" : "百花环",
    "zipName" : "whiteFlowers.zip",
    "filter" : "white_flowers",
    "sample" : "white_flowers",
    "quality" : 0,
    "title_english" : "Flowers"
  },
  {
    "title_chinese" : "白兔",
    "zipName" : "whiteRabbit.zip",
    "filter" : "white_rabbit",
    "sample" : "white_rabbit",
    "quality" : 0,
    "title_english" : "WhiteRabbit"
  },
  {
    "title_chinese" : "漂亮女孩",
    "zipName" : "lanternGirl.zip",
    "filter" : "lantern_girl",
    "sample" : "lantern_girl",
    "quality" : 0,
    "title_english" : "Girl"
  },
  {
    "title_chinese" : "小兔子",
    "zipName" : "rabbit.zip",
    "filter" : "rabbit",
    "sample" : "rabbit",
    "quality" : 0,
    "title_english" : "pinkRabbit"
  },
  {
    "title_chinese" : "气球",
    "zipName" : "balloon.zip",
    "filter" : "balloon",
    "sample" : "balloon",
    "quality" : 0,
    "title_english" : "Balloon"
  },
  {
    "title_chinese" : "皇冠",
    "zipName" : "imperialcrown.zip",
    "filter" : "imperial_crown",
    "sample" : "imperial_crown",
    "quality" : 0,
    "title_english" : "Crown"
  },
  {
    "title_chinese" : "蒲公英",
    "zipName" : "dandelion.zip",
    "filter" : "dandelion",
    "sample" : "dandelion",
    "quality" : 0,
    "title_english" : "Dandelion"
  },
  {
    "title_chinese" : "苍穹",
    "zipName" : "dazzleLight.zip",
    "filter" : "dazzle_light",
    "sample" : "dazzle_light",
    "quality" : 0,
    "title_english" : "Dazzlelight"
  },
  {
    "title_chinese" : "粉花朵",
    "zipName" : "pinkFlower.zip",
    "filter" : "pinkflower",
    "sample" : "pinkflower",
    "quality" : 0,
    "title_english" : "PinkFlower"
  },
   {
    "title_chinese" : "星星",
    "zipName" : "star.zip",
    "filter" : "star",
    "sample" : "star",
    "quality" : 0,
    "title_english" : "Star"
  }
]
